<?xml version="1.0" encoding="UTF-8" standalone="yes"?>
<widget id="${id}" version="${version}" xmlns="http://www.w3.org/ns/widgets" xmlns:cdv="http://cordova.apache.org/ns/1.0">

    <name>${name}</name>
    <description>${description}</description>
    <author email="${authorEmail}" href="${authorUrl}">${authorName}</author>
    <content src="index.html"/>
    <access origin="*"/>
    <allow-intent href="http://*/*"/>
    <allow-intent href="https://*/*"/>
    <allow-intent href="tel:*"/>
    <allow-intent href="sms:*"/>
    <allow-intent href="mailto:*"/>
    <allow-intent href="geo:*"/>
    <allow-navigation href="http://localhost:8080/*"/>

    <platform name="android">
        <resource-file src="resources/sounds/match.wav" target="res/raw/match.wav" />
        <allow-intent href="market:*"/>
        <preference name="ShowSplashScreenSpinner" value="false" />
    </platform>

    <platform name="ios">
        <resource-file src="resources/sounds/match.wav" />
        <allow-intent href="itms:*"/>
        <allow-intent href="itms-apps:*"/>
        <edit-config file="*-Info.plist" mode="merge" target="NSPhotoLibraryAddUsageDescription">
            <string>This app requires to access your photo library to show image on profile and send via chat</string>
        </edit-config>

        <edit-config file="*-Info.plist" mode="merge" target="NSCameraUsageDescription">
            <string>This app requires to access your camera to show image on profile and send via chat</string>
        </edit-config>

        <edit-config file="*-Info.plist" mode="merge" target="NSPhotoLibraryUsageDescription">
            <string>This app requires to access your photo library</string>
        </edit-config>
    </platform>

    <preference name="webviewbounce" value="false"/>
    <preference name="UIWebViewBounce" value="false"/>
    <preference name="DisallowOverscroll" value="true"/>
    <preference name="android-minSdkVersion" value="16"/>
    <preference name="BackupWebStorage" value="none"/>
    <preference name="orientation" value="portrait" />

    <!--
    Change these to configure how the splashscreen displays and fades in/out.
    More info here: https://github.com/apache/cordova-plugin-splashscreen
    -->
    <preference name="SplashMaintainAspectRatio" value="true"/>
    <preference name="FadeSplashScreenDuration" value="300"/>
    <preference name="SplashShowOnlyFirstTime" value="false" />
    <preference name="SplashScreenDelay" value="1500000" />
    <preference name="KeyboardDisplayRequiresUserAction" value="false" />
    <preference name="CordovaWebViewEngine" value="CDVWKWebViewEngine" />

    <feature name="StatusBar">
        <param name="ios-package" onload="true" value="CDVStatusBar"/>
    </feature>

    <feature name="CDVWKWebViewEngine">
        <param name="ios-package" value="CDVWKWebViewEngine" />
    </feature>

    <plugin name="cordova-plugin-geolocation" spec="2.4.3">
        <variable name="GEOLOCATION_USAGE_DESCRIPTION" value="I would like to show you matches near you" />
    </plugin>

    <plugin name="phonegap-plugin-push">
        <param name="SENDER_ID" value="${googleProjectNumber}" />
    </plugin>

    <plugin name="cordova-plugin-facebook4" spec="1.9.1">
        <variable name="APP_ID" value="${facebookAppId}" />
        <variable name="APP_NAME" value="${id}" />
    </plugin>

    <plugin name="cordova-plugin-camera" spec="3.0.0" />
    <plugin name="cordova-plugin-whitelist" spec="1.3.3" />
    <plugin name="cordova-plugin-statusbar" spec="2.3.0" />
    <plugin name="cordova-plugin-device" spec="1.1.7" />
    <plugin name="cordova-plugin-admob-free" spec="0.11.0" />
    <plugin name="cordova-plugin-splashscreen" spec="4.1.0" />
    <plugin name="ionic-plugin-keyboard" spec="2.2.1" />
    <plugin name="cordova-hot-code-push-plugin" spec="1.5.3" />
    <plugin name="cordova-plugin-inappbrowser" spec="1.7.2" />
    <plugin name="cordova-plugin-inapppurchase" spec="1.2.0" />
    <plugin name="cordova-plugin-file" spec="5.0.0" />
    <plugin name="cordova-plugin-file-transfer" spec="1.7.0" />
    <plugin name="cordova-plugin-filepath" spec="1.1.0" />
    <plugin name="cordova-plugin-globalization" spec="1.0.8" />
    <plugin name="com-sarriaroman-photoviewer" spec="1.1.11" />
    <plugin name="cordova-plugin-ionic-webview" spec="1.1.16" />

    <plugin name="cordova-google-api-version" spec="0.0.1">
        <variable name="GOOGLE_API_VERSION" value="11.2.0" />
    </plugin>

    <chcp>
        <config-file url="${serverUrl}/ow_static/plugins/skmobileapp/src/chcp.json" />
    </chcp>
  
</widget>
