{
    "name": "skmobileapp",
    "author": "Skadate",
    "homepage": "",
    "private": true,
    "config": {
        "ionic_watch": "./config/watch.js"
    },
    "scripts": {
        "setup": "npm uninstall -g cordova ionic && npm install -g cordova@7.1.0  ionic@3.18.0",
        "prepare": "node ./updateManifest.js && npm install && node ./prepare.js && ionic cordova platform add android@6.3.0 && ionic cordova platform add ios@4.5.4",
        "prepare_ios": "node ./updateManifest.js && npm install && node ./prepare.js && ionic cordova platform add ios@4.5.4",
        "prepare_android": "node ./updateManifest.js && npm install && node ./prepare.js && ionic cordova platform add android@6.3.0",
        "ionic:build": "ionic-app-scripts build",
        "ionic:serve": "ionic-app-scripts serve",
        "ionic:build:after": "node ./configure.js"
    },
    "dependencies": {
        "@angular/animations": "5.0.0",
        "@angular/common": "5.0.0",
        "@angular/compiler": "5.0.0",
        "@angular/compiler-cli": "5.0.0",
        "@angular/core": "5.0.0",
        "@angular/forms": "5.0.0",
        "@angular/http": "5.0.0",
        "@angular/platform-browser": "5.0.0",
        "@angular/platform-browser-dynamic": "5.0.0",
        "@ionic-native/admob-free": "4.3.2",
        "@ionic-native/camera": "4.3.2",
        "@ionic-native/core": "4.3.2",
        "@ionic-native/device": "4.3.2",
        "@ionic-native/facebook": "4.3.2",
        "@ionic-native/file": "4.3.2",
        "@ionic-native/file-path": "4.3.2",
        "@ionic-native/geolocation": "4.3.2",
        "@ionic-native/globalization": "4.3.2",
        "@ionic-native/keyboard": "4.3.2",
        "@ionic-native/photo-viewer": "4.3.2",
        "@ionic-native/push": "3.12.1",
        "@ionic-native/splash-screen": "4.3.2",
        "@ionic-native/status-bar": "4.3.2",
        "@ionic-native/transfer": "3.14.0",
        "@ionic-native/in-app-purchase": "4.3.2",
        "@ionic/storage": "2.1.3",
        "angular2-jwt": "0.2.0",
        "angular2-moment": "1.6.0",
        "angular2-swing": "0.12.1",
        "cordova-hot-code-push-cli": "1.1.1",   
        "cordova-plugin-device": "1.1.7",
        "cordova-plugin-facebook4": "1.9.1",
        "cordova-plugin-splashscreen": "4.1.0",
        "cordova-plugin-statusbar": "2.3.0",
        "cordova-plugin-whitelist": "1.3.3",
        "cordova-plugin-ionic-webview": "1.1.16",
        "cordova-google-api-version": "0.0.1",
        "fs-walk": "0.0.1",
        "ionic-angular": "3.9.2",
        "ionic-plugin-keyboard": "2.2.1",
        "ionicons": "3.0.0",
        "js-data": "3.0.1",
        "js-data-http": "3.0.0",
        "ng2-translate": "5.0.0",
        "phonegap-plugin-push": "1.10.5",
        "rxjs": "5.5.2",
        "shell-task": "1.0.0",
        "sprintf-js": "1.0.3",
        "sw-toolbox": "3.6.0",
        "web-animations-js": "2.3.1",
        "zone.js": "0.8.18"
    },
    "devDependencies": {
        "@ionic/app-scripts": "3.1.0",
        "typescript": "2.4.2"
    },
    "cordovaPlugins": [
        "cordova-plugin-whitelist",
        "cordova-plugin-statusbar",
        "cordova-plugin-device",
        "cordova-plugin-admob-free",
        "cordova-plugin-splashscreen",
        "ionic-plugin-keyboard",
        "cordova-hot-code-push-plugin",
        "cordova-plugin-inappbrowser",
        "cordova-plugin-inapppurchase",
        "cordova-plugin-camera",
        "cordova-plugin-file",
        "cordova-plugin-file-transfer",
        "cordova-plugin-filepath",
        "cordova-plugin-globalization",
        "cordova-plugin-geolocation",
        "com-sarriaroman-photoviewer",
        "cordova-plugin-facebook4",
        "cordova-plugin-ionic-webview"
    ],
    "description": "Skadate Mobile APP"
}